,REVEL_SCORE,CLINPRED_SCORE,XAIscoring
0,0.017,0.11,0.083569660782814
1,0.438,0.993,0.059827234596014
2,0.337,0.995,0.1433364301919937
3,0.448,0.443,0.3075049221515655
4,0.171,0.941,0.3486248254776001
5,0.276,0.993,0.6254680156707764
6,0.482,0.928,0.953974425792694
7,0.723,0.857,0.2762588560581207
8,0.092,0.562,0.1363890320062637
9,0.967,1.0,1.0
10,0.439,0.025,0.0000000974029532586
11,0.203,0.786,0.4487982392311096
12,0.228,0.085,0.4489288628101349
13,0.544,0.932,0.4514596164226532
14,0.944,0.999,0.8308179974555969
15,0.96,0.996,0.7594785094261169
16,0.356,0.979,0.8123812079429626
17,0.204,0.963,0.6082103848457336
18,0.296,0.042,0.0000000202984580255
19,0.737,0.991,0.9535754323005676
20,0.925,0.999,0.9890316128730774
21,0.402,0.976,0.9412091970443726
22,0.307,0.987,0.9173502922058104
23,0.817,0.885,0.00000000293178747945
24,0.98,0.998,0.9720763564109802
25,0.465,0.981,1.0
26,0.495,0.621,0.2505245208740234
27,0.952,0.999,0.682257890701294
28,0.916,0.996,1.0
29,0.913,1.0,0.981069803237915
30,0.91,1.0,1.0
31,0.618,1.0,0.7626661062240601
32,0.876,1.0,0.9992290735244752
33,0.232,0.108,0.0872740447521209
34,0.06,0.048,0.1504729837179184
35,0.362,0.349,0.3802069723606109
36,0.316,0.088,0.5465280413627625
37,0.766,1.0,0.7295491695404053
38,0.737,0.996,0.7253722548484802
39,0.546,0.851,0.4307067692279815
40,0.991,1.0,0.9284807443618774
41,0.508,0.523,0.1013716980814933
42,0.872,0.965,0.8518633246421814
43,0.328,0.91,0.7122170925140381
44,0.755,0.999,0.6784579753875732
45,0.958,0.984,0.5199335813522339
46,0.138,0.212,0.3148682415485382
47,0.713,0.996,1.0
48,0.154,0.003,0.0
49,0.486,0.912,0.0
50,0.191,0.376,0.0
51,0.61,0.999,0.0
52,0.513,0.986,0.0
53,0.922,0.998,0.9952396154403688
54,0.847,0.994,0.929773211479187
55,0.135,0.827,0.6899804472923279
56,0.13,0.913,0.7258763909339905
57,0.376,0.533,0.2319841086864471
58,0.623,0.989,0.9466317892074584
59,0.889,0.999,0.8624005317687988
60,0.339,0.704,0.1798101216554641
61,0.083,0.149,0.1008600667119026
62,0.538,0.996,0.6314037442207336
63,0.857,0.995,1.0
64,0.907,1.0,0.9955793023109436
65,0.873,0.971,1.0
66,0.752,0.967,0.9841675162315368
67,0.976,0.998,0.9999998807907104
68,0.927,0.993,0.53883296251297
69,0.911,0.999,0.8004716038703918
70,0.927,0.994,0.8217931985855103
71,0.745,0.994,0.963659405708313
72,0.482,0.997,1.0
73,0.345,0.949,0.1425410807132721
74,0.878,0.966,1.0
75,0.758,0.977,1.0
76,0.872,0.999,1.0
77,0.032,0.038,0.1637450903654098
78,0.569,0.994,1.0
79,0.797,0.891,0.9879307746887208
80,0.426,0.887,0.5056402087211609
81,0.653,0.158,0.3956033289432525
82,0.233,0.467,0.2295843213796615
83,0.137,0.11,0.00000000239235298238
84,0.402,0.984,1.0
85,0.44,0.955,1.0
86,0.076,0.666,0.00000000003255151704
87,0.105,0.676,0.1194810271263122
88,0.42,0.995,1.0
89,0.951,0.998,0.973732054233551
90,0.826,0.997,0.9820961952209472
91,0.901,1.0,0.9922446608543396
92,0.968,0.999,1.0
93,0.153,0.087,0.1515747308731079
94,0.887,0.998,0.9952014684677124
95,0.771,0.967,0.9776395559310912
96,0.6,0.899,1.0
97,0.426,0.973,0.666499674320221
98,0.403,0.907,0.8337103128433228
99,0.863,0.995,1.0
100,0.922,0.985,1.0
101,0.249,0.851,0.5025473237037659
102,0.879,0.931,1.0
103,0.94,1.0,0.9831752777099608
104,0.858,0.996,1.0
105,0.884,0.966,0.3982464075088501
106,0.867,0.793,0.0000003196906561698
107,0.629,0.998,1.0
108,0.83,0.994,1.0
109,0.947,0.993,1.0
110,0.596,0.993,1.0
111,0.93,0.999,0.9826448559761048
112,0.927,1.0,0.8560434579849243
113,0.631,0.993,0.8195797204971313
114,0.715,0.999,0.7073560357093811
115,0.145,0.946,0.067159004509449
116,0.536,0.98,0.2488978952169418
117,0.937,0.997,0.6554155349731445
118,0.372,0.923,0.6964191198348999
119,0.91,1.0,0.9159662127494812
120,0.301,0.977,0.2345611006021499
121,0.029,0.057,0.0371286794543266
122,0.082,0.054,0.0484162755310535
123,0.908,0.992,1.0
124,0.393,0.988,0.4635833203792572
125,0.441,0.986,0.990439772605896
126,0.462,0.973,0.9874860644340516
127,0.52,0.992,0.9949009418487548
128,0.381,0.997,0.9937846660614014
129,0.588,0.997,0.979992687702179
130,0.879,0.999,0.7998326420783997
131,0.137,0.985,0.5960095524787903
132,0.976,0.999,0.9999996423721312
133,0.905,0.997,0.9875702261924744
134,0.974,0.997,1.0
135,0.968,1.0,0.993510901927948
136,0.928,0.999,1.0
137,0.91,0.996,0.9881751537322998
138,0.979,0.996,1.0
139,0.982,0.999,0.9925647974014282
140,0.962,1.0,0.9902663826942444
141,0.838,0.991,0.9814631938934326
142,0.942,0.992,1.0
143,0.577,0.449,0.7971842288970947
144,0.917,0.999,1.0
145,0.561,0.126,0.3681609630584717
146,0.521,0.05,0.00000000586987702889
147,0.644,0.993,0.960027813911438
148,0.995,1.0,1.0
149,0.664,0.99,0.9000482559204102
150,0.043,0.283,0.103553719818592
151,0.222,0.95,1.0
152,0.508,0.998,0.93701434135437
153,0.589,0.998,1.0
154,0.365,0.968,0.9909761548042296
155,0.39,0.988,1.0
156,0.735,0.992,0.9899407029151917
157,0.652,0.997,0.9703392386436462
158,0.342,0.974,0.9964163303375244
159,0.736,0.956,0.9712632298469543
160,0.276,0.782,0.4424653649330139
161,0.824,1.0,0.8904967904090881
162,0.151,0.738,0.4087077677249908
163,0.468,0.991,0.9422191381454468
164,0.922,0.998,1.0
165,0.896,0.997,0.8486592769622803
166,0.828,0.993,0.348672479391098
167,0.242,0.676,0.803879976272583
168,0.277,0.459,0.1717460751533508
169,0.326,0.105,0.9097456336021424
170,0.935,0.99,1.0
171,0.954,1.0,1.0
172,0.923,0.999,0.9774890542030334
173,0.896,0.996,1.0
174,0.194,0.034,0.1363304853439331
175,0.842,0.892,0.3936736583709717
176,0.231,0.008,0.00000118981654395611
177,0.176,0.165,0.1680471152067184
178,0.285,0.536,0.1637200713157653
179,0.932,0.996,0.7777449488639832
180,0.509,0.997,0.6738823056221008
181,0.892,0.999,0.8589639663696289
182,0.244,0.988,0.5004979372024536
183,0.197,0.939,0.8477252125740051
184,0.418,0.997,0.8419240713119507
185,0.284,0.957,0.5135619044303894
186,0.931,1.0,1.0
187,0.931,0.998,1.0
188,0.926,1.0,0.9947521686553956
189,0.934,1.0,1.0
190,0.796,0.996,0.9717950820922852
191,0.813,0.998,1.0
192,0.813,0.998486996,1.0
193,0.959,1.0,1.0
194,0.958,1.0,1.0
195,0.933,1.0,1.0
196,0.969,1.0,1.0
197,0.871,0.993,0.8081663846969604
198,0.841,0.971,0.9963791966438292
199,0.718,0.997,1.0
200,0.884,0.999,0.9902633428573608
201,0.845,0.995,1.0
202,0.346,0.038,0.0000039018241295707
203,0.543,0.821,0.416498452425003
204,0.546,0.728,0.3885169327259063
205,0.509,0.973,0.6583937406539917
206,0.377,0.962,1.0
207,0.915,0.995,1.0
208,0.907,0.973,0.4960108995437622
209,0.702,0.891,0.8966781497001648
210,0.965,0.999,1.0
211,0.963,0.999,1.0
212,0.944,0.988,0.988057017326355
213,0.482,0.99,0.7016583681106567
214,0.744,0.991,0.9264816045761108
215,0.797,0.993,1.0
216,0.796,0.566,1.0
217,0.725,0.997,1.0
218,0.534,0.954,1.0
219,0.384,0.366,0.2063962519168853
220,0.975,0.996,0.0
221,0.639,0.997,0.788388729095459
222,0.15,0.979,0.7302167415618896
223,0.566,0.979,0.00000000019900932291
224,0.915,1.0,0.9497172236442566
225,0.286,0.987,0.7715767025947571
226,0.914,0.994,0.8315698504447937
227,0.793,0.992,0.6775622963905334
228,0.364,0.957,0.824397623538971
229,0.77,0.999,0.6493780016899109
230,0.276,0.265,0.043075606226921
231,0.909,0.997,0.7249776124954224
232,0.24,0.972,0.7137570381164551
233,0.151,0.826,0.3003312945365906
234,0.254,0.851,0.4360929429531097
235,0.84,0.997,0.0
236,0.943,1.0,1.0
237,0.922,0.998,0.0
238,0.814,1.0,1.0
239,0.885,1.0,0.0
240,0.369,0.94,0.730492115020752
241,0.135,0.716,0.1219216659665107
242,0.675,0.947,1.0
243,0.958,0.999,0.952957570552826
244,0.95,1.0,0.8857751488685608
245,0.913,0.999,0.9489214420318604
246,0.545,0.656,1.0
247,0.403,0.008,0.0000028976935482206
248,0.939,0.994,0.8416079878807068
249,0.919,1.0,1.0
250,0.903,0.993,0.8620340824127197
251,0.874,0.991,0.8669872283935547
252,0.763,0.987,0.9999955892562866
253,0.337,0.015,0.00001061048624251271
254,0.689,0.839,0.7961533069610596
255,0.955,0.986,0.987762212753296
256,0.909,0.998,0.9624525904655457
257,0.784,0.988,0.9851089715957642
258,0.951,0.999,0.999998927116394
259,0.909,1.0,1.0
260,0.948,0.998,0.9968942403793336
261,0.927,0.996,0.9968942403793336
262,0.905,1.0,0.9954183101654052
263,0.661,0.953,0.8787422776222229
264,0.422,0.82,0.3172876834869385
265,0.321,0.466,0.7454484701156616
266,0.605,0.194,0.3686577975749969
267,0.874,0.837,0.9111539125442504
268,0.781,0.999,0.5514654517173767
269,0.834,0.994,0.9492244720458984
270,0.961,0.991,0.9700719714164734
271,0.854,0.999,0.7561432123184204
272,0.904,0.996,0.994726836681366
273,0.953,1.0,0.9966087341308594
274,0.522,0.982,0.0
275,0.355,0.98,1.0
276,0.605,0.855,1.0
277,0.439,0.88,1.0
278,0.444,0.974,0.0
279,0.811,0.996,0.0
280,0.905,0.999,0.8920924663543701
281,0.814,0.988,0.9693464636802672
282,0.959,0.998,0.928583800792694
283,0.926,0.998,1.0
284,0.808,0.997,0.0
285,0.94,0.999,1.0
286,0.948,0.997,0.0
287,0.696,0.892,0.5
288,0.693,0.998,1.0
289,0.693,0.998,1.0
290,0.237,0.038,0.4369922578334808
291,0.948,0.988,0.9963788390159608
292,0.685,0.999,0.6568622589111328
293,0.486,0.876,0.0
294,0.422,0.119,0.0789299234747886
295,0.312,0.533,0.087782047688961
296,0.268,0.04,0.0552081055939197
297,0.931,0.998,0.9931970834732056
298,0.109,0.854,0.4959845244884491
299,0.781,0.032,0.0000002486611947461
300,0.071,0.149,0.0444260984659194
301,0.232,0.147,0.2393971979618072
302,0.651,0.987,0.8469900488853455
303,0.578,0.983,0.681512176990509
304,0.203,0.098,0.2036057859659195
305,0.476,0.992,1.0
306,0.45,0.997,0.9999966621398926
307,0.951,0.973,0.6167618632316589
308,0.833,0.843,0.682985782623291
309,0.375,0.332,0.51360023021698
310,0.869,0.99,1.0
311,0.734,0.994,0.931141197681427
312,0.86,0.999,0.98252135515213
313,0.553,0.581,0.8200671672821045
314,0.985,0.998,0.9760013818740844
315,0.875,0.996,0.9859187602996826
316,0.78,0.967,0.9512401223182678
317,0.072,0.321,0.0801334977149963
318,0.293,0.758,0.5940748453140259
319,0.71,0.991,0.9999996423721312
320,0.795,0.993,0.917061984539032
321,0.906,0.997,0.9545589685440063
322,0.555,0.992,0.8249593377113342
323,0.382,0.99,0.7812439203262329
324,0.199,0.99,0.6266610622406006
325,0.607,0.998,0.9999995231628418
326,0.212,0.94,0.3028886616230011
327,0.223,0.171,0.0767466947436332
328,0.682,0.976,0.5521185994148254
329,0.847,0.999,0.972049355506897
330,0.861,1.0,0.995926797389984
331,0.876,0.996,0.9966484904289246
332,0.192,0.516,0.6791374087333679
333,0.956,0.999,0.9867188334465028
334,0.613,0.334,0.9887704849243164
335,0.801,0.986,0.7468693256378174
336,0.919,1.0,0.9272193312644958
337,0.907,0.998,0.6486712694168091
338,0.811,0.996,0.2937529385089874
339,0.982,1.0,0.6545833945274353
340,0.749,0.963,0.4116472601890564
341,0.819,0.997,0.726407527923584
342,0.975,0.999907613,0.9718648791313172
343,0.469,0.262,0.0833252221345901
344,0.742,0.96,0.5897098183631897
345,0.744,0.996,1.0
346,0.429,0.98,1.0
347,0.846,0.992,1.0
348,0.654,0.983,1.0
349,0.239,0.424,0.2306791394948959
350,0.332,0.915,0.666152834892273
351,0.9,0.999,0.9833260774612428
352,0.838,0.89,0.9937732815742492
353,0.884,0.987,0.9752899408340454
354,0.936,0.997,1.0
355,0.313,0.961,0.9968106150627136
356,0.981,0.999,1.0
357,0.111,0.221,0.0747545436024665
358,0.966,0.999,0.0
359,0.937,0.999,0.0
360,0.739,0.978,1.0
361,0.83,1.0,1.0
362,0.681,0.999,1.0
363,0.846,0.74,0.999996304512024
364,0.475,0.879,1.0
365,0.4,0.635,0.3711595833301544
366,0.312,0.888,0.4199844598770141
367,0.66,0.976,0.5166656970977783
368,0.967,0.998,1.0
369,0.94,0.996,0.9381659626960754
370,0.47,0.928,0.2799819707870483
371,0.311,0.619,0.0953418165445327
372,0.253,0.918,0.6653244495391846
373,0.289,0.59,0.1358146220445633
374,0.916,0.998,1.0
375,0.925,0.992899299,1.0
376,0.634,0.727,0.2528603672981262
377,0.874,0.992,1.0
378,0.747,0.996,0.7570522427558899
379,0.293,0.011,0.0000067697797021538
380,0.504,0.981,0.31666299700737
381,0.73,0.97,0.8047343492507935
382,0.975,0.998,0.4719911813735962
383,0.15,0.76,1.0
384,0.221,0.945,1.0
385,0.362,0.972,0.9611096382141112
386,0.415,0.998,1.0
387,0.739,0.999,0.9798192381858826
388,0.953,0.999,1.0
389,0.874,0.995,0.9927956461906432
390,0.571,0.998,1.0
391,0.606,0.999,1.0
392,0.729,0.981,0.867921769618988
393,0.655,0.94,0.7984508872032166
394,0.875,0.987,0.9220789074897766
395,0.799,0.996,0.904505729675293
396,0.975,0.997,0.891900897026062
397,0.284,0.307,0.0493003651499748
398,0.721,0.954,0.1722535341978073
399,0.5,0.921,0.6881747245788574
400,0.408,0.696,0.6916947364807129
401,0.838,0.999,0.9190489053726196
402,0.832,0.996,1.0
403,0.302,0.72,0.1696522533893585
404,0.923,0.99,0.9953823685646056
405,0.974,0.995,0.9616974592208862
406,0.835,0.995,0.9964415431022644
407,0.155,0.193,0.6952584981918335
408,0.137,0.953,0.075460597872734
409,0.083,0.492,0.392481118440628
410,0.018,0.194,0.0907788425683975
411,0.146,0.986,1.0
412,0.192,0.96,0.5116764903068542
413,0.29,0.997,0.8956544995307922
414,0.622,0.982,0.982577383518219
415,0.271,0.614,0.226857379078865
416,0.347,0.995,0.9835451245307922
417,0.95,0.993,0.9780082106590272
418,0.959,0.999,0.9492664933204652
419,0.889,0.996,0.9999994039535522
420,0.879,0.997,0.9308661222457886
421,0.827,0.993,0.3481015264987945
422,0.799,0.985,0.9918175339698792
423,0.472,0.948,0.9661833643913268
424,0.599,0.188,0.5820910334587097
425,0.184,0.937,0.8237201571464539
426,0.277,0.032,0.00000001668772853236
427,0.287,0.028,0.0000000007963281701
428,0.545,0.933,0.6091814041137695
429,0.542,0.835,0.6857627034187317
430,0.844,1.0,0.6382235288619995
431,0.793,1.0,1.0
432,0.867,0.999,0.9739805459976196
433,0.15,0.754,0.3914529979228973
434,0.883,0.994,1.0
435,0.853,0.991,1.0
436,0.601,0.577,0.704900860786438
437,0.894,0.999,0.9963452219963074
438,0.812,0.957,0.9658412933349608
439,0.925,0.999,1.0
440,0.856,0.986,1.0
441,0.911,0.993,0.9880560636520386
442,0.93,0.992,0.9880560636520386
443,0.804,0.917,0.9297633171081544
444,0.93,0.992,0.9933176040649414
445,0.946,0.994,0.9933176040649414
446,0.969,0.999,1.0
447,0.504,0.631,0.97236168384552
448,0.679,0.662,0.8362476825714111
449,0.792,0.978,0.9791492819786072
450,0.967,0.998,0.9955050945281982
451,0.874,0.987,0.9555227756500244
452,0.945,0.993,0.987404465675354
453,0.946,0.996,0.995392918586731
454,0.744,0.975,0.9738224744796752
455,0.941,0.999,0.9947271943092346
456,0.896,0.997,0.9743103981018066
457,0.896,0.997,0.9743103981018066
458,0.935,0.999,0.9941754937171936
459,0.748,0.945,1.0
460,0.728,0.968,1.0
461,0.914,0.999,1.0
462,0.981,0.999,0.9950501322746276
463,0.943,1.0,1.0
464,0.706,0.89,1.0
465,0.658,0.899,0.967189073562622
466,0.941,0.998,1.0
467,0.946,0.988,1.0
468,0.929,0.994,0.9963558912277222
469,0.962,0.997,0.989834725856781
470,0.925,0.928,0.9949676394462584
471,0.936,0.994,1.0
472,0.65,0.547,0.9897005558013916
473,0.933,0.995,1.0
474,0.941,0.996,0.9907941222190856
475,0.937,0.999,1.0
476,0.751,0.953,0.7866432666778564
477,0.58,0.936,0.9444825649261476
478,0.712,0.995,1.0
479,0.983,1.0,0.9999982118606568
480,0.459,0.385,0.4190682470798492
481,0.97,1.0,1.0
482,0.91,0.993,0.9999998807907104
483,0.953,0.999,0.991690158843994
484,0.774,0.955,0.97158020734787
485,0.949,0.998,1.0
486,0.753,0.976,1.0
487,0.725,0.939,0.9078205823898317
488,0.984,1.0,0.9734444618225098
489,0.989,1.0,0.9967190623283386
490,0.947,1.0,0.9854058027267456
491,0.993,0.999,0.9972108006477356
492,0.82,0.99,0.9965761303901672
493,0.984,0.995,0.9961116909980774
494,0.713,0.8,0.8950722217559814
495,0.737,0.876,0.9524799585342408
496,0.995,0.998,1.0
497,0.962,0.998,0.9970533847808838
498,0.806,0.97,0.977910339832306
499,0.766,0.827,0.999707043170929
500,0.088,0.13,0.1687137633562088
501,0.238,0.108,0.0502356477081775
502,0.204,0.856,0.702153205871582
503,0.938,0.999,1.0
504,0.821,0.998,0.3831246793270111
505,0.738,0.998,0.8701197504997253
506,0.493,0.993,0.8611441254615784
507,0.823,0.675,1.0
508,0.865,0.083,0.9325528144836426
509,0.959,0.997,0.0
510,0.943,0.998,1.0
511,0.796,0.979,1.0
512,0.632,0.996,0.0
513,0.912,1.0,1.0
514,0.878,0.999,0.0
515,0.652,0.938,0.0
516,0.649,0.991,0.0
517,0.838,0.947,1.0
518,0.928,0.991,1.0
519,0.674,0.996,1.0
520,0.27,0.429,0.2361780405044555
521,0.927,0.973,0.986504316329956
522,0.783,0.995,0.8437385559082031
523,0.554,0.972,0.8936079740524292
524,0.564,0.957,0.9370597004890442
525,0.926,0.997,0.993488073348999
526,0.721,0.969,0.9308307766914368
527,0.942,0.997,0.9786818623542786
528,0.252,0.908,0.0
529,0.922,0.994,0.0
530,0.163,0.16,0.0
531,0.974,0.999,0.9990363121032716
532,0.666,0.982,0.9898040294647216
533,0.391,0.973,0.9827423095703124
534,0.408,0.997,0.9343301653862
535,0.412,0.974,1.0
536,0.126,0.201,0.0
537,0.156,0.631,0.5325487852096558
538,0.732,0.99,0.5922814011573792
539,0.816,0.999,0.8715238571166992
540,0.436,0.981,0.9384974241256714
541,0.593,0.999,0.8635294437408447
542,0.834,0.986,0.966968595981598
543,0.064,0.568,1.0
544,0.951,0.999,0.975396990776062
545,0.272,0.963,0.8739703893661499
546,0.952,0.984,0.9964420199394226
547,0.664,0.992,0.3177723884582519
548,0.574,0.884,0.9848437905311584
549,0.502,0.038,0.0012561505427584
550,0.978,0.998998106,0.9821226596832277
551,0.992,0.999,0.9892994165420532
552,0.664,0.971,0.8646620512008667
553,0.453,0.747,0.6458880305290222
554,0.285,0.771,0.3502283990383148
555,0.836,0.933,1.0
556,0.833,0.986,0.9855302572250366
557,0.797,0.577,0.6347618103027344
558,0.888,0.999,0.6609150171279907
559,0.934,0.993,0.9926753640174866
560,0.96,1.0,1.0
561,0.912,0.999,0.9682674407958984
562,0.714,0.995,1.0
563,0.25,0.813,0.3466762602329254
564,0.156,0.006,0.00000015690795862611
565,0.193,0.821,0.6394343972206116
566,0.8,0.978,0.5288099050521851
567,0.393,0.99,0.4559510946273803
568,0.362,0.987,0.9999961853027344
569,0.792,0.998,1.0
570,0.752,0.998,1.0
571,0.979,0.999,1.0
572,0.973,0.999,0.987195372581482
573,0.955,0.997,1.0
574,0.863,0.989,0.923022449016571
575,0.938,0.998,0.9829905033111572
576,0.824,0.996,0.7479087114334106
577,0.247,0.976,0.7165718674659729
578,0.284,0.981,0.5443211197853088
579,0.111,0.526,0.1538659483194351
580,0.071,0.864,0.2227558940649032
581,0.82,0.996,1.0
582,0.788,0.992,1.0
583,0.914,0.996,1.0
584,0.91,0.729,0.9999990463256836
585,0.195,0.871,0.1340886503458023
586,0.731,0.996,0.8629568219184875
587,0.638,0.997,1.0
588,0.574,0.992,0.9826124906539916
589,0.677,0.91,0.6118476986885071
590,0.744,0.778,0.9515950083732604
591,0.872,0.99,0.87353515625
592,0.903,1.0,0.753639817237854
593,0.045,0.026,0.0723501071333885
594,0.749,0.98,1.0
595,0.891,0.999,0.9819723963737488
596,0.954,1.0,0.9751276969909668
597,0.65,0.988625407,0.8677763938903809
598,0.838,0.995,0.5884056687355042
599,0.398,0.934,0.4284965693950653
600,0.734,0.994,0.7110064625740051
601,0.899,0.997,0.9934706687927246
602,0.905,0.993,0.9947444200515748
603,0.7,0.998,0.970542311668396
604,0.904,0.998,1.0
605,0.941,0.999,0.977185070514679
606,0.962,1.0,1.0
607,0.938,0.999,1.0
608,0.966,0.999,1.0
609,0.966,1.0,1.0
610,0.907,0.995,0.9941402077674866
611,0.928,0.997,0.9999998807907104
612,0.934,0.995,1.0
613,0.574,0.986,0.990373969078064
614,0.231,0.964,0.5569756627082825
615,0.158,0.875,0.9238100051879884
616,0.556,0.998,0.6124324798583984
617,0.408,0.999,0.8557970523834229
618,0.796,0.994,0.0
619,0.6,0.98,1.0
620,0.69,0.98,1.0
621,0.456,0.929,1.0
622,0.191,0.264,0.2124445289373397
623,0.238,0.032,0.00000121905020478152
624,0.606,0.995,0.999947428703308
625,0.489,0.973,0.5
626,0.499,0.917,0.0
627,0.517,0.463,0.0
628,0.762,0.966,1.0
629,0.23,0.967,0.2831261456012726
630,0.829,0.986,0.9513450860977172
631,0.696,0.999,0.9853664636611938
632,0.469,0.999,0.994001805782318
633,0.439,0.993,0.9580645561218262
634,0.377,0.997,0.7891902923583984
635,0.531,0.998,1.0
636,0.046,0.011,0.0119622368365526
637,0.864,0.997,0.7084814310073853
638,0.765,0.998,0.9084404110908508
639,0.782,0.991,0.6180302500724792
640,0.823,0.998,0.8724831342697144
641,0.873,1.0,0.9607928991317748
642,0.937,1.0,1.0
643,0.041,0.301,0.0
644,0.605,0.157,0.1083616539835929
645,0.592,0.985,0.4717050492763519
646,0.498,0.059,0.000009759626664163
647,0.796,0.996,0.7525798082351685
648,0.716,0.063,0.2070037722587585
649,0.94,0.998,0.9604063630104064
650,0.912,0.989,0.6885461211204529
651,0.319,0.917,0.3010872006416321
652,0.156,0.764,0.1209123507142067
653,0.171,0.405,0.1396995931863784
654,0.192,0.623,0.2796373069286346
655,0.79,0.99,0.6794963479042053
656,0.621,0.916,1.0
657,0.809,0.997,0.8465970158576965
658,0.533,0.983,0.6703499555587769
659,0.471,0.983,0.9832742810249328
660,0.751,0.971,1.0
661,0.659,0.947,0.9735799431800842
662,0.812,0.978,0.9838643074035645
663,0.809,0.986,0.5091935992240906
664,0.372,0.784,0.5195755362510681
665,0.966,0.998,0.9890632033348083
666,0.773,0.981,0.4022686183452606
667,0.886,0.999,0.9727296829223632
668,0.946,0.999,0.9842014908790588
669,0.451,0.908,0.9576316475868224
670,0.088,0.508,0.3546462953090668
671,0.491,0.723,0.6193207502365112
672,0.754,0.996,0.7900668978691101
673,0.744,0.974,1.0
674,0.404,0.609,0.260167121887207
675,0.779,0.993,0.7400757670402527
676,0.751,0.981,0.9203172326087952
677,0.653,0.997,0.7113679051399231
678,0.484,0.895,0.9999990463256836
679,0.736,0.981,1.0
680,0.933,0.872,1.0
681,0.303,0.972,0.3113473951816559
682,0.281,0.824,0.4449691474437713
683,0.908,0.975,1.0
684,0.921,0.987,1.0
685,0.982,1.0,1.0
686,0.457,0.973,0.4691728055477142
687,0.138,0.125,0.910598874092102
688,0.545,0.957,0.515472412109375
689,0.325,0.95,0.9282192587852478
690,0.757,0.995,0.9969423413276672
691,0.815,0.996,1.0
692,0.53,0.31,0.6358095407485962
693,0.955,0.541,1.0
694,0.369,0.017,0.0000007661301992812
695,0.787,0.973,1.0
696,0.981,1.0,0.8733609318733215
697,0.911,0.975,1.0
698,0.984,0.999,0.9999998807907104
699,0.972,0.999,0.9999998807907104
700,0.94,0.999,1.0
701,0.946,0.999,1.0
702,0.834,0.85,1.0
703,0.958,0.99,1.0
704,0.832,0.975,0.9954901337623596
705,0.939,0.999,0.9963827133178712
706,0.961,0.997,0.9999992847442628
707,0.344,0.002,0.6548658609390259
708,0.427,0.371,0.6548658609390259
709,0.908,0.997,0.992294430732727
710,0.979,1.0,0.9945214986801147
711,0.993,0.978,1.0
712,0.971,0.999,1.0
713,0.97,0.998,0.8983308672904968
714,0.918,0.995,0.933639407157898
715,0.752,0.95,1.0
716,0.981,0.996,1.0
717,0.972,0.998,1.0
718,0.954,0.98,0.9912452101707458
719,0.948,0.996,0.9682251811027528
720,0.986,0.999,1.0
721,0.982,1.0,1.0
722,0.977,1.0,1.0
723,0.558,0.048,0.0000006357115012179
724,0.786,0.967,1.0
725,0.945,0.996,1.0
726,0.886,0.999,0.9400627613067628
727,0.946,0.997,1.0
728,0.99,0.999,1.0
729,0.828,0.903,1.0
730,0.944,0.999,1.0
731,0.954,0.999,1.0
732,0.973,0.999,0.9933631420135498
733,0.942,0.994,0.9935777187347412
734,0.99,1.0,1.0
735,0.984,0.992,0.988881528377533
736,0.976,0.999,0.9731133580207824
737,0.93,0.987,0.8587728142738342
738,0.467,0.025,0.2543554604053497
739,0.953,1.0,0.989772617816925
740,0.815,0.906,0.9110150337219238
741,0.952,1.0,1.0
742,0.939,0.997,1.0
743,0.766,0.915,1.0
744,0.924,0.974,0.9952179789543152
745,0.841,0.981,1.0
746,0.817,0.963,1.0
747,0.794,0.951,1.0
748,0.811,0.901,1.0
749,0.907,0.99,0.997409164905548
750,0.887,0.979,1.0
751,0.831,0.95,1.0
752,0.927,0.989,0.9946213960647584
753,0.845,0.985,0.9965715408325196
754,0.988,0.999,0.9988651275634766
755,0.965,0.997,1.0
756,0.658,0.951,1.0
757,0.172,0.001,0.0000000022296928748
758,0.963,0.995,0.9954470992088318
759,0.915,0.974,0.999998927116394
760,0.877,0.999,1.0
761,0.781,0.99,0.97454434633255
762,0.927,0.995,0.9898909330368042
763,0.936,0.999,1.0
764,0.963,1.0,1.0
765,0.996,0.999,0.9939413070678712
766,0.979,1.0,0.9999988079071044
767,0.93,0.997,0.9999998807907104
768,0.939,0.996,0.9999997615814208
769,0.88,0.98,0.9945157170295716
770,0.952,0.998,1.0
771,0.772,0.926,1.0
772,0.965,0.996,0.9974572062492372
773,0.979,0.999,0.997137188911438
774,0.959,0.998,1.0
775,0.964,0.982,1.0
776,0.953,0.999,1.0
777,0.868,0.975,0.9316601157188416
778,0.934,0.979,1.0
779,0.933,0.986,0.4161913394927978
780,0.97,1.0,1.0
781,0.989,1.0,0.9832688570022584
782,0.964,0.996,1.0
783,0.767,0.979,0.9999997615814208
784,0.885,0.999,1.0
785,0.896,0.998,0.9494630694389344
786,0.687,0.98,0.9365220665931702
787,0.693,0.992,0.8707048892974854
788,0.846,0.996,0.7745888829231262
789,0.792,0.989,0.8169759511947632
790,0.966,0.999,0.9953320622444152
791,0.855,0.999,0.9530019164085388
792,0.943,1.0,0.9065432548522948
793,0.914,0.673,0.8496962189674377
794,0.871,0.979,0.9999722242355348
795,0.922,0.993,0.969011664390564
796,0.839,0.942,1.0
797,0.862,0.999,0.9963135123252868
798,0.872,0.999,0.9973457455635072
799,0.922,0.994,0.994765281677246
800,0.936,0.999,0.93993479013443
801,0.653,0.98,0.7967937588691711
802,0.559,0.732,0.644987940788269
803,0.637,0.755,0.9449482560157776
804,0.644,0.98,0.919323980808258
805,0.895,0.974,0.7573189735412598
806,0.865,0.982,0.9616881012916564
807,0.833,0.995,1.0
808,0.569,0.033,0.0000000035881295712
809,0.943,0.996,0.9897568821907043
810,0.894,0.973,0.934049427509308
811,0.769,0.93,1.0
812,0.72,0.939,1.0
813,0.617,0.621,1.0
814,0.739,0.948,1.0
815,0.669,0.956,0.6399993300437927
816,0.815,0.246,1.0
817,0.82,0.945,0.7640113234519958
818,0.808,0.955,1.0
819,0.888,0.69,0.2017955332994461
820,0.636,0.89,0.9998741149902344
821,0.97,0.997,1.0
822,0.794,0.986,1.0
823,0.976,0.998,0.999995231628418
824,0.858,0.909,1.0
825,0.863,0.746,1.0
826,0.954,0.997,0.9208204746246338
827,0.928,0.997,0.9971912503242492
828,0.932,0.996,0.9908519387245178
829,0.672,0.982,0.1093832030892372
830,0.721,0.991,0.6078270673751831
831,0.919,0.997,0.8537957072257996
832,0.841,0.162,0.6876790523529053
833,0.762,0.978,0.8303046822547913
834,0.656,0.995,1.0
835,0.031,0.11,0.9999955892562866
836,0.561,0.924,0.4563084244728088
837,0.979,0.998,0.9782588481903076
838,0.912,0.993,0.9898187518119812
839,0.956,0.995,1.0
840,0.945,0.997,0.9955986738204956
841,0.883,0.985,0.5033122897148132
842,0.913,0.972,0.9999264478683472
843,0.753,0.985,0.7374562621116638
844,0.93,0.999,1.0
845,0.965,0.999,0.9968507885932922
846,0.925,0.992,0.9315587282180786
847,0.972,0.999,0.9964209794998168
848,0.894,0.991,0.9864316582679749
849,0.902,0.983,0.9998441934585572
850,0.94,0.997,0.9895724654197692
851,0.443,0.997,1.0
852,0.872,0.998,0.9960070252418518
853,0.785,0.997,1.0
854,0.31,0.028,0.0000017222502037839
855,0.816,0.999,0.881320059299469
856,0.884,0.829,0.404545396566391
857,0.928,0.989,0.9343817234039308
858,0.959,0.998,0.953022837638855
859,0.886,0.998,1.0
860,0.927,0.999,0.7399413585662842
861,0.389,0.99,0.5848749279975891
862,0.987,1.0,0.9943985342979432
863,0.912,0.999,0.9976586103439332
864,0.918,0.977,0.9964295029640198
865,0.708,0.272,1.0
866,0.217,0.976,0.587441086769104
867,0.497,0.991,0.8572370409965515
868,0.237,0.992,0.9115377068519592
869,0.022,0.036,0.0000038988969208731
870,0.703,1.0,0.9910593628883362
871,0.689,0.982,0.8024647831916809
872,0.681,0.039,0.0007522671367041
873,0.078,0.297,0.5
874,0.238,0.902,0.0
875,0.4,0.987,0.0
876,0.216,0.878,0.0
877,0.397,0.776,0.0
878,0.254,0.025,0.0
879,0.684,0.995,0.0
880,0.908,0.999,1.0
881,0.898,0.996,0.0
882,0.841,0.973,0.0
883,0.699,1.0,1.0
884,0.853,0.994,0.0
885,0.953,0.997,0.0
886,0.45,0.988,0.0
887,0.452,0.912,0.0
888,0.904,0.99,1.0
889,0.895,0.987,1.0
890,0.31,0.851,0.5
891,0.565,0.993,0.7198728322982788
892,0.059,0.355,0.274907499551773
893,0.216,0.887,0.1350254416465759
894,0.731,1.0,0.7477738857269287
895,0.37,0.721,0.0832771211862564
896,0.441,0.02,0.0000001839734267151
897,0.811,0.966,0.7788500785827637
898,0.258,0.825,0.4802142977714538
899,0.282,0.948,0.7220951914787292
900,0.948,0.996,0.5189186930656433
901,0.936,0.994,0.6843874454498291
902,0.515,0.943,0.2574721276760101
903,0.925,0.977,1.0
904,0.938,0.926,0.8687235116958618
905,0.968,1.0,0.888688325881958
906,0.283,0.981,0.982585906982422
907,0.783,0.998,1.0
908,0.842,0.998,1.0
909,0.781,0.991,1.0
910,0.723,0.993,0.9331603050231934
911,0.276,0.949,0.9803541302680968
912,0.46,0.995,1.0
913,0.546,0.984,1.0
914,0.673,0.985,0.9941524863243104
915,0.546,0.991,1.0
916,0.523,0.992,1.0
917,0.893,0.988,0.9446403980255128
918,0.559,0.97,0.9744213223457336
919,0.338,0.955,1.0
920,0.697,0.988,0.9906848073005676
921,0.352,0.906,0.0853784531354904
922,0.413,0.944,0.2726781070232391
923,0.634,0.978,0.4837142527103424
924,0.803,0.997,0.989843249320984
925,0.82,0.988,1.0
926,0.863,0.988,0.9770500659942628
927,0.941,1.0,0.9182785749435424
928,0.855,0.997,0.7766557335853577
929,0.755,0.987,0.9798294305801392
930,0.815,0.998,0.9968276619911194
931,0.749,0.982,1.0
932,0.803,0.981,1.0
933,0.916,0.999,0.7279627919197083
934,0.937,0.998,0.919676959514618
935,0.89,0.987,0.8090618252754211
936,0.835,0.953,0.8410418033599854
937,0.911,0.993,0.8546093106269836
938,0.726,0.997,1.0
939,0.092,0.753,0.5466121435165405
940,0.855,0.994,0.7144442796707153
941,0.993,1.0,1.0
942,0.98,1.0,0.9274611473083496
943,0.61,0.98,0.9079599976539612
944,0.814,0.997,1.0
945,0.969,0.999,0.990861177444458
946,0.985,0.999,0.9896105527877808
947,0.571,0.939,0.8075138926506042
948,0.339,0.039,0.00000111447639028484
949,0.265,0.255,0.5801894068717957
950,0.807,0.997,1.0
951,0.9,0.982,0.9924556016921996
952,0.672,0.543,0.9602310061454772
953,0.694,0.964,0.999998927116394
954,0.631,0.991,0.9871355891227722
955,0.579,0.947,0.5370627641677856
956,0.661,0.792,0.6048417091369629
957,0.349,0.253,0.9063416719436646
958,0.263,0.018,0.0945997014641761
959,0.303,0.978,0.9819451570510864
960,0.219,0.241,0.0947563797235488
961,0.408,0.624,0.6714240312576294
962,0.323,0.219,0.0992601215839386
963,0.381,0.542,0.3211473524570465
964,0.726,0.934,0.8068352341651917
965,0.34,0.625,0.4289273619651794
966,0.655,0.95,0.6910189390182495
967,0.302,0.321,0.5374269485473633
968,0.533,0.906,0.7295814752578735
969,0.976,0.989,1.0
970,0.289,0.437,0.51238614320755
971,0.247,0.159,0.1957063525915146
972,0.233,0.176,0.3905171155929565
973,0.224,0.108,0.3346946239471435
974,0.348,0.262,0.3205598890781402
975,0.374,0.282,0.2528999745845794
976,0.396,0.41,0.5436971187591553
977,0.412,0.893,0.9875547289848328
978,0.784,0.998,0.9977745413780212
979,0.909,1.0,1.0
980,0.82,0.997,0.9911934733390808
981,0.866,0.999,1.0
982,0.208,0.719,0.9590473771095276
983,0.958,0.997,1.0
984,0.953,0.992,1.0
985,0.975,0.994,0.9727848768234252
986,0.943,0.999,0.9007408618927002
987,0.904,0.997,0.9731767177581788
988,0.32,0.177,0.1352151036262512
989,0.611,0.895,0.7916872501373291
990,0.572,0.276,0.0000000214515516461
991,0.958,0.999,0.7330256104469299
992,0.79,0.997,1.0
993,0.966,1.0,1.0
994,0.988,0.998,1.0
995,0.782,0.995,1.0
996,0.338,0.12,0.3356394469738006
997,0.904,0.999,0.9520521759986876
998,0.287,0.987,0.4143346846103668
999,0.15,0.971,0.5587007999420166
1000,0.145,0.065,0.0000000066255365638
1001,0.184,0.218,0.1354313045740127
1002,0.213,0.885,1.0
1003,0.92,0.997,1.0
1004,0.9,0.997,1.0
1005,0.924,0.986,1.0
1006,0.769,0.945,1.0
1007,0.525,0.934,1.0
1008,0.675,0.973,1.0
1009,0.992,0.999,1.0
1010,0.977,1.0,1.0
1011,0.195,0.964,0.5
1012,0.381,0.923,0.8861734867095947
1013,0.577,0.997,0.9392962455749512
1014,0.661,0.992,0.4649246335029602
1015,0.637,0.997,1.0
1016,0.18,0.463,0.1260763853788375
1017,0.398,0.92,0.7034612894058228
1018,0.791,0.991,0.9493164420127868
1019,0.883,1.0,1.0
1020,0.721,0.99,0.4255050122737884
1021,0.071,0.248,0.3437660932540893
1022,0.17,0.084,0.4309999346733093
1023,0.934,0.998,0.9924920201301576
1024,0.696,0.989,0.9732035994529724
1025,0.893,1.0,1.0
1026,0.692,0.984,0.8555939793586731
1027,0.311,0.324,0.8123669028282166
1028,0.095,0.052,0.042773351073265
1029,0.202,0.489,0.3309918642044067
1030,0.724,0.998,0.873258113861084
1031,0.814,0.799,0.8398578763008118
1032,0.875,0.992,0.9729262590408324
1033,0.956,0.997,0.9970332384109496
1034,0.908,0.988,0.9684727787971495
1035,0.821,0.941,0.4326754212379455
1036,0.865,0.982,0.7484158873558044
1037,0.752,0.881,0.939906895160675
1038,0.989,0.998,0.9941012263298036
1039,0.326,0.039,0.3158391118049621
1040,0.611,0.961,0.8761094808578491
1041,0.882,0.995,0.9399609565734864
1042,0.739,0.993,0.9939486980438232
1043,0.964,0.656,0.9999918937683104
1044,0.507,0.341,0.901856541633606
1045,0.699,0.997,0.7234887480735779
1046,0.534,0.998,0.7756081223487854
1047,0.964,1.0,0.7243920564651489
1048,0.831,0.999,0.8348501920700073
1049,0.093,0.038,0.04584576562047
1050,0.874,0.996,0.755861222743988
1051,0.798,0.076,0.2950813472270965
1052,0.817,0.999,0.7555719614028931
1053,0.706,0.078,0.0000002807315127029
1054,0.876,1.0,0.7245717644691467
1055,0.969,0.998,0.9804245829582214
1056,0.769,0.981,0.9266135096549988
1057,0.959,0.993,0.9744192957878112
1058,0.979,0.999,0.9901992678642272
1059,0.962,1.0,1.0
1060,0.949,0.999,0.9905112385749816
1061,0.386,0.67,0.4800052642822265
1062,0.46,0.7,0.1484893858432769
1063,0.846,0.993,0.5635117888450623
1064,0.933,1.0,0.9559260606765748
1065,0.297,0.907,0.2546257078647613
1066,0.903,0.139,0.0204669553786516
1067,0.213,0.578,0.1891461908817291
1068,0.824,0.999,0.6385210156440735
1069,0.507,0.867,0.3246543705463409
1070,0.822,0.941,0.850176215171814
1071,0.611,0.995,0.191047728061676
1072,0.049,0.041,0.101399153470993
1073,0.048,0.514,0.1146715208888053
1074,0.927,1.0,0.9908238649368286
1075,0.709,0.995,1.0
1076,0.891,0.998,1.0
1077,0.929,0.997,0.9523743987083436
1078,0.943,0.997,1.0
1079,0.944,0.996,1.0
1080,0.473,0.959,0.6725018620491028
1081,0.875,0.991,1.0
1082,0.293,0.764,0.3569710850715637
1083,0.469,0.955,0.0601042322814464
1084,0.313,0.745,0.6394920945167542
1085,0.085,0.039,0.00000014799311998104
1086,0.98,0.159,0.000079008277680259
1087,0.96,1.0,0.7840081453323364
1088,0.624,0.997,0.9912413358688354
1089,0.901,0.999,0.9434369206428528
1090,0.97,1.0,0.9862909913063048
1091,0.982,0.999,0.7686097621917725
1092,0.137,0.259,0.1050252243876457
1093,0.635,0.076,0.0000000445183516717
1094,0.944,0.998,1.0
1095,0.389,0.05,0.00000002115211472642
1096,0.099,0.024,0.0392628014087677
1097,0.832,0.996,0.9280110001564026
1098,0.581,0.944,0.4097900986671448
1099,0.672,1.0,0.9887879490852356
1100,0.267,0.045,0.00001424088895873865
1101,0.461,0.992,0.9924947023391724
1102,0.17,0.906,0.9796167612075806
1103,0.544,0.982,0.9583750367164612
1104,0.667,0.982,0.8862759470939636
1105,0.642,0.983,1.0
1106,0.635,0.989,0.9156171679496764
1107,0.534,0.991,0.3923856317996979
1108,0.667,0.997,0.6933236122131348
1109,0.473,0.969,0.976783037185669
1110,0.85,0.999,0.9655376076698304
1111,0.414,0.999,0.9197291731834412
1112,0.569,0.981,0.7824904322624207
1113,0.668,1.0,0.8332033753395081
1114,0.962,1.0,0.9543068408966064
1115,0.427,1.0,0.4653564393520355
1116,0.73,0.997,0.8232662677764893
1117,0.835,0.999,1.0
1118,0.607,0.989,0.7711902856826782
1119,0.49,0.999,0.8878026008605957
1120,0.651,0.997,0.0
1121,0.275,0.951,0.0
1122,0.647,1.0,0.0
1123,0.955,0.999,1.0
1124,0.925,0.998,0.9906784296035768
1125,0.864,0.993,0.9943931102752686
1126,0.456,0.979,0.7324563264846802
1127,0.889,0.958,0.9632993340492249
1128,0.208,0.065,0.8310138583183289
1129,0.518,0.919,0.9625648260116576
1130,0.97,1.0,1.0
1131,0.492,0.679,0.9921633005142212
1132,0.966,1.0,0.9949111342430116
1133,0.907,0.99,1.0
1134,0.761,0.988,1.0
1135,0.894,0.999,1.0
1136,0.837,0.989,0.996961772441864
1137,0.862,1.0,0.9950644373893738
1138,0.731,0.999,1.0
1139,0.035,0.01,0.0000001494795185408
1140,0.076,0.035,0.1901261657476425
1141,0.195,0.04,0.2591943442821502
1142,0.216,0.922,0.4687524139881134
1143,0.106,0.893,0.6709586977958679
1144,0.252,0.962,0.5315165519714355
1145,0.697,0.98,1.0
1146,0.831,0.988,1.0
1147,0.909,0.998,1.0
1148,0.978,1.0,0.952160656452179
1149,0.987,0.999,0.9244577288627625
1150,0.944,1.0,0.9844998121261596
1151,0.96,1.0,0.7927280068397522
1152,0.776,0.99,0.7794457077980042
1153,0.626,0.984,0.7455006241798401
1154,0.595,1.0,0.8196121454238892
1155,0.813,0.988,0.5626593828201294
1156,0.693,0.976,0.300940454006195
1157,0.6,0.906,0.8954429626464844
1158,0.228,0.583,0.5208203792572021
1159,0.918,0.999,0.9249814748764038
1160,0.834,0.97,0.7802150249481201
1161,0.845,0.909,0.7332108616828918
1162,0.474,0.69,0.20756696164608
1163,0.674,0.997,1.0
1164,0.704,0.978,1.0
1165,0.665,0.997,1.0
1166,0.948,0.991,0.6821514964103699
1167,0.767,0.996,0.6340917348861694
1168,0.578,0.934,1.0
1169,0.606,0.954,1.0
1170,0.814,0.997,0.9884451627731324
1171,0.979,0.999,0.9942665696144104
1172,0.96,0.99,0.9128446578979492
1173,0.46,0.725,0.1742303669452667
1174,0.98,0.999,0.9861016273498536
1175,0.958,0.992,1.0
1176,0.966,0.999,0.988983690738678
1177,0.962,0.999,1.0
1178,0.89,0.999,0.9286401271820068
1179,0.643,0.908,0.948933243751526
1180,0.471,0.954,0.9322569370269777
1181,0.961,0.996,0.999996304512024
1182,0.752,1.0,0.9932592511177064
1183,0.948,0.998,0.9730471968650818
1184,0.911,1.0,0.898212730884552
1185,0.306,0.839,0.4017869830131531
1186,0.3,0.963,0.7689567804336548
1187,0.173,0.85,0.3076604008674621
1188,0.751,0.99,1.0
1189,0.621,0.989,0.9788886904716492
1190,0.635,0.998,0.8808813691139221
1191,0.826,0.993,1.0
1192,0.958,0.984,1.0
1193,0.796,0.944,0.9999988079071044
1194,0.685,0.673,0.3547037541866302
1195,0.898,0.939,0.69643634557724
1196,0.88,0.994,1.0
1197,0.847,0.063,0.0722099021077156
1198,0.816,0.971,1.0
1199,0.296,0.051,0.00000004550128807068
1200,0.53,0.95,1.0
1201,0.191,0.238,1.0
1202,0.751,0.97,0.9844697713851928
1203,0.411,0.911,0.2746284008026123
1204,0.255,0.463,0.2067657113075256
1205,0.408,0.813,0.091916412115097
1206,0.619,0.764,0.7865311503410339
1207,0.761,0.786,0.5645390152931213
1208,0.237,0.678,0.362270176410675
1209,0.254,0.47,0.0796429514884948
1210,0.43,0.514,0.3586535453796386
1211,0.241,0.03,0.04172994941473
1212,0.318,0.401,0.9645869135856628
1213,0.495,0.73,0.670628547668457
1214,0.325,0.94,0.8868287205696106
1215,0.465,0.951,0.0000087447779151262
1216,0.324,0.978,0.7991805076599121
1217,0.967,1.0,0.9656171798706056
1218,0.932,0.998,0.7056218385696411
1219,0.888,1.0,1.0
1220,0.974,0.999,0.9896700978279114
1221,0.401,0.998,0.9862630367279052
1222,0.526,1.0,0.9591347575187684
1223,0.571,0.956,0.7821524143218994
1224,0.247,0.949,0.8117547035217285
1225,0.054,0.021,0.2050691694021225
1226,0.967,0.999,0.0
1227,0.957,1.0,0.0
1228,0.835,0.98,0.0
1229,0.357,0.9,0.2163329273462295
1230,0.898,0.999,0.9592832922935486
1231,0.463,0.996,0.93342787027359
1232,0.391,0.999,1.0
1233,0.194,0.953,0.305265337228775
1234,0.115,0.91,0.1428860574960708
1235,0.061,0.898,0.1774249374866485
1236,0.156,0.005,0.0000440894655184820
1237,0.908,0.997,1.0
1238,0.679,0.986,0.9815171360969543
1239,0.769,0.999,0.9999994039535522
1240,0.488,0.9,1.0
1241,0.872,0.998,0.9999903440475464
1242,0.873,0.997,0.9999998807907104
1243,0.892,0.992,1.0
1244,0.702,0.942,1.0
1245,0.827,0.977,0.8136456608772278
1246,0.502,0.817,0.6405471563339233
1247,0.908,0.996,1.0
1248,0.38,0.887,0.2870966792106628
1249,0.936,0.981,0.988386332988739
1250,0.846,0.95,0.9513103365898132
1251,0.384,0.089,0.0923295021057128
1252,0.607,0.057,0.7402927279472351
1253,0.919,0.051,0.7869424819946289
1254,0.215,0.874,0.6332722306251526
1255,0.199,0.816,0.3651325404644012
1256,0.264,0.032,0.00000002580153690701
1257,0.802,0.999,0.5524396896362305
1258,0.84,0.995,0.6556387543678284
1259,0.962,1.0,1.0
1260,0.498,0.88,0.9827466011047364
1261,0.497,0.998,0.992612600326538
1262,0.838,0.997,0.9956207871437072
1263,0.599,0.812,0.9892367720603944
1264,0.645,0.972,0.9402409791946412
1265,0.828,0.999,0.9843554496765136
1266,0.632,0.941,0.9585402011871338
1267,0.373,0.971,0.8164108991622925
1268,0.919,0.999,1.0
1269,0.715,0.974,0.3709701895713806
1270,0.943,1.0,0.9549614787101746
1271,0.903,0.617,0.993947982788086
1272,0.914,0.987,0.9875136017799376
1273,0.261,0.93,1.0
1274,0.898,0.972,0.9993289709091188
1275,0.954,0.997,0.9762995839118958
1276,0.517,1.0,0.8287417888641357
1277,0.595,1.0,0.8873800039291382
1278,0.805,1.0,0.9941651225090028
1279,0.72,0.993,0.7985294461250305
1280,0.684,0.999,0.7309001088142395
1281,0.566,1.0,0.7093399167060852
1282,0.862,1.0,1.0
1283,0.982,1.0,0.966003715991974
1284,0.942,0.998142838,1.0
1285,0.151,0.508,0.7797462344169617
1286,0.825,0.811,0.9908031225204468
1287,0.591,0.949,0.9316518306732178
1288,0.152,0.017,0.0331538021564483
1289,0.505,0.291,0.04496581107378
1290,0.328,0.2,0.2480734586715698
1291,0.165,0.882,0.137103646993637
1292,0.952,1.0,1.0
1293,0.203,0.855,0.9686325788497924
1294,0.721,0.973,0.1208911314606666
1295,0.971,0.997,0.7523126602172852
1296,0.688,0.994,0.7546544075012207
1297,0.566,0.975,0.1912682354450225
1298,0.486,0.797,0.3265293538570404
1299,0.281,0.865,0.42044198513031
1300,0.369,0.775,0.8805752396583557
1301,0.794,0.989,0.9844741821289062
1302,0.961,1.0,0.9509729146957396
1303,0.246,0.021,0.0000003727658963726
1304,0.151,0.569,0.7440721988677979
1305,0.029,0.017,0.1055532470345497
1306,0.165,0.09,0.062042124569416
1307,0.903,0.998,0.5
1308,0.972,0.997,0.0
1309,0.936,0.977,0.0
1310,0.07,0.309,0.0427171438932418
1311,0.03,0.146,0.1720570027828216
1312,0.589,1.0,0.8338907361030579
1313,0.304,0.982,1.0
1314,0.67,0.997,0.9098814129829408
1315,0.078,0.567,0.243513286113739
1316,0.935,1.0,1.0
1317,0.97,1.0,0.9411035180091858
1318,0.181,0.094,0.0000000000622052548
1319,0.488,0.034,0.4253152012825012
1320,0.23,0.855,0.8538745641708374
1321,0.203,0.772,0.0
1322,0.597,0.984,0.0
1323,0.633,0.996,0.5
1324,0.716,0.999083281,1.0
1325,0.72,0.997,1.0
1326,0.113,0.304,0.0572250299155712
1327,0.085,0.046,0.0072821173816919
1328,0.964,0.998,0.8089817762374878
1329,0.71,0.713,1.0
1330,0.959,1.0,1.0
1331,0.943,0.999,1.0
1332,0.42,0.973,0.8561647534370422
1333,0.251,0.98,0.912671148777008
1334,0.139,0.952,1.0
1335,0.114,0.284,0.0971655994653701
1336,0.699,0.839,1.0
1337,0.61,1.0,0.95033061504364
1338,0.79,0.999,0.8098063468933105
1339,0.384,0.967,0.9197091460227966
1340,0.154,0.027,0.0484019666910171
1341,0.967,0.999,1.0
1342,0.855,1.0,1.0
1343,0.927,0.996,0.7369809150695801
1344,0.973,0.999,0.6639597415924072
1345,0.857,0.998,0.691364049911499
1346,0.737,0.994,0.4973258674144745
1347,0.946,0.995,0.9999990463256836
1348,0.946,0.998,1.0
1349,0.868,0.999,1.0
1350,0.959,0.997,0.9119798541069032
1351,0.932,1.0,0.5587802529335022
1352,0.925,1.0,0.7980962991714478
1353,0.94,0.991,1.0
1354,0.351,0.992,0.64143967628479
1355,0.824,0.991,0.3522422909736633
1356,0.894,0.999,0.8021844625473022
1357,0.816,0.998,0.6726264357566833
1358,0.698,1.0,0.9943358302116394
1359,0.76,0.989,0.4814102351665497
1360,0.305,0.97,0.1307014375925064
1361,0.934,1.0,0.5168265104293823
1362,0.662,0.885,0.759937584400177
1363,0.97,1.0,0.990025520324707
1364,0.892,0.983,0.9344492554664612
1365,0.769,0.994,0.939251184463501
1366,0.955,0.999,0.5986823439598083
1367,0.493,0.994,0.7382477521896362
1368,0.091,0.121,0.1576090306043625
1369,0.016,0.889,0.119811862707138
1370,0.772,0.998,0.993457019329071
1371,0.508,0.994,0.9951058626174928
1372,0.759,0.995,1.0
1373,0.752,0.999,1.0
1374,0.765,0.998,1.0
1375,0.889,0.998,1.0
1376,0.981,0.999,0.9148741960525512
1377,0.327,0.079,0.0612969137728214
1378,0.905,0.999,1.0
1379,0.718,1.0,1.0
1380,0.569,0.009,0.00000014626992594913
1381,0.966,1.0,0.7022507190704346
1382,0.968,1.0,0.9906665682792664
1383,0.85,0.945,0.941152811050415
1384,0.419,0.892,0.627043604850769
1385,0.891,0.999,1.0
1386,0.844,0.996,0.6702290773391724
1387,0.452,0.715,0.5045915842056274
1388,0.321,0.929,1.0
1389,0.254,0.005,0.0001871333515737
1390,0.948,0.997,0.985220193862915
1391,0.367,0.99,0.8299067616462708
1392,0.938,0.985081911,0.9791646003723145
1393,0.97,0.995,1.0
1394,0.611,0.965,0.2384051829576492
1395,0.879,0.997,0.4735280871391296
1396,0.976,1.0,0.9955162405967712
1397,0.976,1.0,1.0
1398,0.936,1.0,0.985504686832428
1399,0.969,1.0,1.0
1400,0.968,1.0,1.0
1401,0.65,0.949,0.9317232370376588
1402,0.889,0.999,1.0
1403,0.862,0.996,0.9445385932922364
1404,0.768,0.997,1.0
1405,0.065,0.17,0.1524817794561386
1406,0.764,0.999,1.0
1407,0.765,0.999,1.0
1408,0.792,1.0,0.9999988079071044
1409,0.656,0.999,1.0
1410,0.242,0.458,0.0534626133739948
1411,0.19,0.717,0.0724781677126884
1412,0.389,0.981,0.4828842282295227
1413,0.358,0.972,0.4953742623329162
1414,0.81,0.996,0.5584209561347961
1415,0.38,1.0,1.0
1416,0.503,1.0,0.9999998807907104
1417,0.455,0.999,0.2198069393634796
1418,0.698,0.982,0.9379543662071228
1419,0.61,0.994,0.981609046459198
1420,0.387,0.953,0.9999994039535522
1421,0.381,0.987,0.9026475548744202
1422,0.15,0.682,0.6619592905044556
1423,0.66,0.999,0.7364454865455627
1424,0.356,0.978,0.7523434162139893
1425,0.899,0.996,0.9920064806938172
1426,0.975,1.0,0.9751917123794556
1427,0.624,0.829,0.312103807926178
1428,0.377,0.997,0.2532898485660553
1429,0.971,1.0,0.6968640089035034
1430,0.969,0.999,0.8779245018959045
1431,0.869,0.972,0.9249555468559264
1432,0.978,0.999,0.964081048965454
1433,0.923,0.998,0.9215906262397766
1434,0.818,1.0,0.9633966684341432
1435,0.723,0.995,0.8336684703826904
1436,0.765,0.988,0.9574307203292848
1437,0.834,0.994,0.9574307203292848
1438,0.919,0.999,0.7893329858779907
1439,0.96,0.99,0.7817705273628235
1440,0.237,0.127,0.0000003918941899883
1441,0.588,0.99,0.9999992847442628
1442,0.792,0.999,0.9312814474105836
1443,0.844,0.991,0.9984903335571288
1444,0.242,0.915,0.0969181135296821
1445,0.136,0.719,0.8393905162811279
1446,0.274,0.951,0.983629047870636
1447,0.545,0.964,0.0563984103500843
1448,0.242,0.072,0.0
1449,0.158,0.168,0.0
1450,0.182,0.132,0.0
1451,0.27,0.659,0.0
1452,0.922,0.999,1.0
1453,0.924,0.998,0.0
1454,0.857,1.0,1.0
1455,0.917,0.999,0.0
1456,0.716,0.999,0.0
1457,0.348,0.535,0.1077237427234649
1458,0.69,0.987,0.1265003383159637
1459,0.924,0.999,0.8780436515808105
1460,0.128,0.045,0.0557187534868717
1461,0.875,0.999,0.9938149452209472
1462,0.563,0.874,0.934906542301178
1463,0.839,1.0,1.0
1464,0.937,0.996,1.0
1465,0.897,0.999,1.0
1466,0.827,0.999,1.0
1467,0.757,0.995,1.0
1468,0.982,0.999,1.0
1469,0.973,1.0,0.9963111281394958
1470,0.965,1.0,0.9974656105041504
1471,0.803,0.888,0.9401950240135192
1472,0.918,0.991,0.9815621972084044
1473,0.961,0.999,1.0
1474,0.836,0.983,1.0
1475,0.857,0.995,1.0
1476,0.944,0.995,0.9978431463241576
1477,0.742,0.977,1.0
1478,0.931,0.999,0.9999998807907104
1479,0.947,0.999,0.9999895095825196
1480,0.874,0.998,1.0
1481,0.842,0.998,1.0
1482,0.94,0.996,0.9766634106636048
1483,0.904,0.999,0.9999997615814208
1484,0.947,0.996050537,1.0
1485,0.833,0.999,0.9935484528541564
1486,0.575,0.965,1.0
1487,0.959,1.0,1.0
1488,0.889,1.0,0.9956393241882324
1489,0.786,1.0,1.0
1490,0.863,0.999,1.0
1491,0.956,1.0,1.0
1492,0.531,0.703,0.2685029804706573
1493,0.098,0.766,0.1903950273990631
1494,0.217,0.282,0.1436692923307418
1495,0.617,0.47,0.2321992218494415
1496,0.981,1.0,1.0
1497,0.247,0.935,0.6448391675949097
1498,0.163,0.811,0.2872242331504822
1499,0.464,0.967,0.0726639777421951
1500,0.026,0.019,0.0000000897044145631
1501,0.839,0.998,1.0
1502,0.365,0.785,0.8818771839141846
1503,0.869,0.997,1.0
1504,0.88,0.996,0.9480993747711182
1505,0.374,0.912,0.9843851327896118
1506,0.443,0.993,0.7980841398239136
1507,0.118,0.696,0.7434229850769043
1508,0.817,0.993,0.7550216317176819
1509,0.654,0.962,0.313238650560379
1510,0.324,0.994,0.973857045173645
1511,0.376,0.98,0.7661935687065125
1512,0.928,0.972,0.7451416254043579
1513,0.922,0.949,0.7747172117233276
1514,0.672,0.996,0.2496033608913421
1515,0.383,0.437,0.00000051045020655
1516,0.487,0.995,0.4223805665969848
1517,0.744,0.896,0.6207773089408875
1518,0.844,0.99,0.8378474116325378
1519,0.93,1.0,0.7698928713798523
1520,0.77,0.998,0.6988682746887207
1521,0.966,0.992,0.99257892370224
1522,0.904,0.992,1.0
1523,0.58,0.97,0.9293035864830016
1524,0.958,0.998,0.9834770560264589
1525,0.608,0.996,1.0
1526,0.953,0.995,1.0
1527,0.772,0.97,0.6043073534965515
1528,0.675,0.974,1.0
1529,0.502,0.724,0.638937771320343
1530,0.785,0.898,1.0
1531,0.494,0.92,0.1660251170396804
1532,0.573,0.999,0.9581999182701112
1533,0.462,0.842,0.712556004524231
1534,0.188,0.981,0.5964295268058777
1535,0.669,0.99,1.0
1536,0.472,0.954,0.7081674933433533
1537,0.784,0.993,0.9743178486824036
1538,0.21,0.991,0.7536374926567078
1539,0.456,0.986,0.7276254892349243
1540,0.301,0.95,0.2420358061790466
1541,0.121,0.907,0.592132568359375
1542,0.117,0.849,0.723471462726593
1543,0.365,0.996,0.984990417957306
1544,0.711,0.996,0.9936502575874328
1545,0.712,1.0,1.0
1546,0.9,1.0,0.9600316882133484
1547,0.654,0.999,1.0
1548,0.97,0.999,0.9968298077583312
1549,0.927,1.0,1.0
1550,0.675,0.994,0.5510967969894409
1551,0.597,0.997,0.8564547896385193
1552,0.627,0.916,1.0
1553,0.787,0.998,1.0
1554,0.925,0.996,1.0
1555,0.81,0.999,0.985991895198822
1556,0.966,1.0,0.9863609075546264
1557,0.949,1.0,0.9930226802825928
1558,0.614,0.981,0.6629526615142822
1559,0.053,0.668,0.3913690447807312
1560,0.088,0.811,0.6163380742073059
1561,0.45,0.365,0.5636454224586487
1562,0.115,0.399,0.6534892916679382
1563,0.497,0.924,0.9434750080108644
1564,0.389,0.99,0.7258812189102173
1565,0.116,0.508,0.0690401494503021
1566,0.088,0.906,0.5343469381332397
1567,0.138,0.544,0.1761433780193328
1568,0.487,0.997,0.8414620161056519
1569,0.605,0.998,0.9626272320747375
1570,0.706,0.995,0.9953474402427672
1571,0.474,1.0,1.0
1572,0.947,0.999,0.9946706891059875
1573,0.88,0.983,0.8825141787528992
1574,0.16,0.841,0.1517721861600875
1575,0.959,1.0,1.0
1576,0.479,1.0,0.9672697186470032
1577,0.65,0.995,0.7062855362892151
1578,0.759,0.999,0.727496862411499
1579,0.409,0.989,0.981190860271454
1580,0.797,0.982,0.8211352229118347
1581,0.643,0.996,0.6969103813171387
1582,0.783,0.978,0.9435848593711852
1583,0.253,0.966,0.1227753832936286
1584,0.934,1.0,1.0
1585,0.317,0.97,0.6567909717559814
1586,0.49,0.993,0.8712834119796753
1587,0.354,0.987,0.7283231019973755
1588,0.401,0.906,0.4271012246608734
1589,0.917,0.999,0.9449747800827026
1590,0.319,0.985,0.2673413753509521
1591,0.343,0.987,0.7637861371040344
1592,0.492,1.0,0.3674172759056091
1593,0.372,0.908,0.3367144763469696
1594,0.632,0.951,0.255269318819046
1595,0.901,0.997,0.9257835149765016
1596,0.763,0.931,0.5659698247909546
1597,0.435,0.998,0.657442033290863
1598,0.741,0.997,0.9716023802757264
1599,0.333,0.583,0.3236815631389618
1600,0.671,0.921,1.0
1601,0.254,0.115,0.2025965750217437
1602,0.487,0.642,0.8598195910453796
1603,0.18,0.419,0.0647077932953834
1604,0.066,0.594,0.4937645196914673
1605,0.753,0.998,0.9826199412345886
1606,0.837,1.0,0.9858552813529968
1607,0.276,0.78,0.2091706246137619
1608,0.869,0.998,0.9494587779045104
1609,0.719,0.998,0.8247652053833008
1610,0.868,1.0,0.9999996423721312
1611,0.599,0.964,0.3064930438995361
1612,0.742,0.956,0.4473276436328888
1613,0.437,0.978,0.7570565938949585
1614,0.711,0.988,0.6007163524627686
1615,0.704,0.986,0.9220749139785768
1616,0.807,1.0,1.0
1617,0.67,1.0,0.6501443386077881
1618,0.641,0.997,1.0
1619,0.036,0.07,0.0523591563105583
1620,0.591,0.994,0.650407075881958
1621,0.293,0.905,1.0
1622,0.239,0.713,0.4299616813659668
1623,0.294,0.989,0.2789750397205353
1624,0.825,0.993,1.0
1625,0.786,0.999,0.7289701700210571
1626,0.695,0.993,0.6556968688964844
1627,0.887,0.995,0.8369330167770386
1628,0.623,0.999,0.9530863761901855
1629,0.904,1.0,0.9733858108520508
1630,0.967,1.0,0.4719860255718231
1631,0.852,0.998,0.983102798461914
1632,0.09,0.552,0.2327227443456649
1633,0.374,0.998,1.0
1634,0.692,0.996,0.9953076243400574
1635,0.436,0.993,0.9244347214698792
1636,0.715,0.907,0.984411358833313
1637,0.637,1.0,0.7584370374679565
1638,0.559,0.998,0.3442673087120056
1639,0.929,0.996,0.7312952876091003
1640,0.83,0.99,0.5224838852882385
1641,0.18,0.886,0.2226097583770752
1642,0.215,0.611,0.9003702402114868
1643,0.482,0.99,0.99258691072464
1644,0.706,0.974,1.0
1645,0.183,0.994,1.0
1646,0.395,0.99,0.9999980926513672
1647,0.479,0.916,0.3937647938728332
1648,0.254,0.988,0.0695461258292198
1649,0.093,0.809,0.2679033875465393
1650,0.395,1.0,1.0
1651,0.454,0.998,0.9588637351989746
1652,0.192,0.981,0.2328150868415832
1653,0.086,0.896,0.157423660159111
1654,0.218,0.717,0.8566430807113647
1655,0.622,0.998,0.85439133644104
1656,0.788,1.0,0.9801259636878968
1657,0.799,0.996,0.992062509059906
1658,0.713,0.998,0.9999994039535522
1659,0.884,0.999,1.0
1660,0.733,0.996,0.9877504706382751
1661,0.871,1.0,0.9900718927383424
1662,0.868,0.997,0.98807692527771
1663,0.674,0.995,0.6950432062149048
1664,0.301,0.968,0.998524010181427
1665,0.276,0.416,0.0000000780719418003
1666,0.603,0.942,0.9743520617485046
1667,0.904,1.0,1.0
1668,0.61,0.98,0.3057617545127868
1669,0.845,1.0,0.9998958110809326
1670,0.883,1.0,1.0
1671,0.949,1.0,0.5997445583343506
1672,0.943,0.997,0.9933928847312928
1673,0.958,0.999,0.8191336989402771
1674,0.174,0.993,0.4957696795463562
1675,0.521,0.9,0.7685269713401794
1676,0.972,0.997,0.9999998807907104
1677,0.872,0.97,0.9420474171638488
1678,0.837,0.989,0.9626781344413756
1679,0.042,0.233,0.0723707899451255
1680,0.372,0.997,0.7341173887252808
1681,0.195,0.853,0.3653245568275451
1682,0.133,0.958,0.4670165777206421
1683,0.044,0.411,0.3748700618743896
1684,0.199,0.923,0.632171630859375
1685,0.248,0.888,0.8922927379608154
1686,0.822,0.997,0.9474111795425416
1687,0.871,0.999,0.9955201148986816
1688,0.678,0.578,0.2476929724216461
1689,0.189,0.389,0.6826500296592712
1690,0.85,0.999,0.0
1691,0.754,0.998,1.0
1692,0.055,0.848,0.2535574436187744
1693,0.486,0.981,0.6490620374679565
1694,0.931,0.998,1.0
1695,0.277,0.978,1.0
1696,0.073,0.835,0.1391287446022033
1697,0.036,0.398,0.0446110628545284
1698,0.767,0.999,0.8413950800895691
1699,0.701,0.996,0.9345697164535522
1700,0.35,0.957,0.4324680864810943
1701,0.689,0.947,0.1743065118789672
1702,0.669,1.0,0.999996304512024
1703,0.175,0.732,0.0759744048118591
1704,0.97,0.998,0.8792902231216431
1705,0.787,0.958,0.7339096069335938
1706,0.847,0.959,1.0
1707,0.751,0.996,0.9698925018310548
1708,0.536,0.993,0.8622464537620544
1709,0.888,1.0,0.915983021259308
1710,0.205,0.099,0.0556602291762828
1711,0.704,0.999,0.7330469489097595
1712,0.231,0.872,0.7327622771263123
1713,0.192,0.761,0.4711548388004303
1714,0.86,0.863,0.9932183623313904
1715,0.897,0.998,0.976269006729126
1716,0.29,0.946,0.3666676580905914
1717,0.157,0.909,0.2016722708940506
1718,0.061,0.026,0.0555878095328807
1719,0.852,0.992,1.0
1720,0.926,0.999,0.9036784172058104
1721,0.898,0.99,0.8662430644035339
1722,0.685,0.972,0.3648212552070617
1723,0.95,1.0,1.0
1724,0.909,0.994,1.0
1725,0.87,0.997,0.9975383281707764
1726,0.262,0.02,0.1045667454600334
1727,0.206,0.546,0.0613089837133884
1728,0.829,0.997,1.0
1729,0.331,0.577,0.3190567791461944
1730,0.75,0.981,1.0
1731,0.447,0.989,0.9186998605728148
1732,0.599,0.997,0.9951753616333008
1733,0.581,0.998,1.0
1734,0.697,1.0,0.9770396947860718
1735,0.631,0.997,0.7229222059249878
1736,0.173,0.967,0.7377390265464783
1737,0.313,0.97,0.6943889260292053
1738,0.422,0.986,0.6520316004753113
1739,0.172,0.455,0.6121026277542114
1740,0.504,0.994,0.5992132425308228
1741,0.668,1.0,0.6040081977844238
1742,0.406,0.155,0.4932082593441009
1743,0.729,0.995,0.9999959468841552
1744,0.843,0.989,1.0
1745,0.556,0.991,0.0033206155057996
1746,0.945,0.998,0.9999997615814208
1747,0.943,0.99,1.0
1748,0.986,0.999,1.0
1749,0.714,0.92,0.2565100193023681
1750,0.934,0.998,0.8958826661109924
1751,0.42,0.827,0.7552794218063354
1752,0.64,0.439,0.909961760044098
1753,0.855,0.995,1.0
1754,0.877,0.146,0.9999985694885254
1755,0.502,0.997,0.6873645782470703
1756,0.837,0.995,1.0
,,,
